Requêtes les plus fréquentes,Clics,Impressions,CTR,Position
finsight,6,116,5.17%,6.55
simulateur calcul bfr,2,46,4.35%,7.37
analyse financière predictive finsight advanced avis,0,2024,0%,3.61
dso calcul,0,174,0%,47.78
calculer dso,0,94,0%,38.93
calcul dso,0,75,0%,49.55
dso formule,0,44,0%,63.25
calcul du dso,0,40,0%,57.12
formule dso,0,29,0%,59.72
calculateur dso,0,2,0%,7.5
ratio de liquidité immédiate,0,2,0%,29
moving average excel,0,2,0%,69
dso computation,0,2,0%,74.5
dso client,0,2,0%,88
finsight advisory,0,1,0%,7
cash ratio formula,0,1,0%,9
funsight,0,1,0%,10
liquidité immédiate formule,0,1,0%,10
finsights,0,1,0%,12
dashboard financier,0,1,0%,30
dso days sales outstanding,0,1,0%,35
simulateur calcul fonds de roulement,0,1,0%,36
dso clients,0,1,0%,40
comment calculer le dso,0,1,0%,45
tailwind dashboard,0,1,0%,64
calcul bfr excel,0,1,0%,71
pusher react,0,1,0%,75
dso calcolo,0,1,0%,95